-- MySQL dump 10.16  Distrib 10.1.16-MariaDB, for Win32 (AMD64)
--
-- Host: localhost    Database: moha
-- ------------------------------------------------------
-- Server version	10.1.16-MariaDB

/*!40101 SET @OLD_CHARACTER_SET_CLIENT=@@CHARACTER_SET_CLIENT */;
/*!40101 SET @OLD_CHARACTER_SET_RESULTS=@@CHARACTER_SET_RESULTS */;
/*!40101 SET @OLD_COLLATION_CONNECTION=@@COLLATION_CONNECTION */;
/*!40101 SET NAMES utf8 */;
/*!40103 SET @OLD_TIME_ZONE=@@TIME_ZONE */;
/*!40103 SET TIME_ZONE='+00:00' */;
/*!40014 SET @OLD_UNIQUE_CHECKS=@@UNIQUE_CHECKS, UNIQUE_CHECKS=0 */;
/*!40014 SET @OLD_FOREIGN_KEY_CHECKS=@@FOREIGN_KEY_CHECKS, FOREIGN_KEY_CHECKS=0 */;
/*!40101 SET @OLD_SQL_MODE=@@SQL_MODE, SQL_MODE='NO_AUTO_VALUE_ON_ZERO' */;
/*!40111 SET @OLD_SQL_NOTES=@@SQL_NOTES, SQL_NOTES=0 */;

--
-- Current Database: `moha`
--

CREATE DATABASE /*!32312 IF NOT EXISTS*/ `moha` /*!40100 DEFAULT CHARACTER SET utf8 */;

USE `moha`;

--
-- Table structure for table `accociation`
--

DROP TABLE IF EXISTS `accociation`;
/*!40101 SET @saved_cs_client     = @@character_set_client */;
/*!40101 SET character_set_client = utf8 */;
CREATE TABLE `accociation` (
  `id` int(11) NOT NULL AUTO_INCREMENT,
  `name` varchar(255) NOT NULL,
  `approved_date` datetime NOT NULL,
  `province_id` int(11) DEFAULT NULL,
  `approved_by_moha` int(11) DEFAULT NULL,
  `remark` text,
  PRIMARY KEY (`id`),
  UNIQUE KEY `name_UNIQUE` (`name`),
  KEY `fk_accociation_province1_idx` (`province_id`),
  CONSTRAINT `fk_accociation_province1` FOREIGN KEY (`province_id`) REFERENCES `province` (`id`) ON DELETE NO ACTION ON UPDATE NO ACTION
) ENGINE=InnoDB DEFAULT CHARSET=utf8;
/*!40101 SET character_set_client = @saved_cs_client */;

--
-- Dumping data for table `accociation`
--

LOCK TABLES `accociation` WRITE;
/*!40000 ALTER TABLE `accociation` DISABLE KEYS */;
/*!40000 ALTER TABLE `accociation` ENABLE KEYS */;
UNLOCK TABLES;

--
-- Table structure for table `action`
--

DROP TABLE IF EXISTS `action`;
/*!40101 SET @saved_cs_client     = @@character_set_client */;
/*!40101 SET character_set_client = utf8 */;
CREATE TABLE `action` (
  `id` int(11) NOT NULL AUTO_INCREMENT,
  `code` varchar(255) NOT NULL,
  `deleted` int(11) NOT NULL DEFAULT '0',
  `controller_id` int(11) NOT NULL,
  `description` text,
  PRIMARY KEY (`id`),
  KEY `fk_action_controller1_idx` (`controller_id`),
  CONSTRAINT `fk_action_controller1` FOREIGN KEY (`controller_id`) REFERENCES `controller` (`id`) ON DELETE NO ACTION ON UPDATE NO ACTION
) ENGINE=InnoDB DEFAULT CHARSET=utf8;
/*!40101 SET character_set_client = @saved_cs_client */;

--
-- Dumping data for table `action`
--

LOCK TABLES `action` WRITE;
/*!40000 ALTER TABLE `action` DISABLE KEYS */;
/*!40000 ALTER TABLE `action` ENABLE KEYS */;
UNLOCK TABLES;

--
-- Table structure for table `branch`
--

DROP TABLE IF EXISTS `branch`;
/*!40101 SET @saved_cs_client     = @@character_set_client */;
/*!40101 SET character_set_client = utf8 */;
CREATE TABLE `branch` (
  `id` int(11) NOT NULL AUTO_INCREMENT,
  `code` varchar(10) NOT NULL,
  `name` varchar(255) NOT NULL,
  `deleted` varchar(1) NOT NULL DEFAULT '0',
  `address` text,
  `tel` varchar(255) DEFAULT NULL,
  `branch_group_id` int(11) NOT NULL,
  PRIMARY KEY (`id`),
  UNIQUE KEY `name_UNIQUE` (`name`),
  UNIQUE KEY `code_UNIQUE` (`code`),
  KEY `fk_branch_branch_group1_idx` (`branch_group_id`),
  CONSTRAINT `fk_branch_branch_group1` FOREIGN KEY (`branch_group_id`) REFERENCES `branch_group` (`id`) ON DELETE NO ACTION ON UPDATE NO ACTION
) ENGINE=InnoDB AUTO_INCREMENT=3 DEFAULT CHARSET=utf8;
/*!40101 SET character_set_client = @saved_cs_client */;

--
-- Dumping data for table `branch`
--

LOCK TABLES `branch` WRITE;
/*!40000 ALTER TABLE `branch` DISABLE KEYS */;
INSERT INTO `branch` VALUES (1,'CTL','Central','0','','',0),(2,'VTC','Vientiane','0','','010',0);
/*!40000 ALTER TABLE `branch` ENABLE KEYS */;
UNLOCK TABLES;

--
-- Table structure for table `branch_group`
--

DROP TABLE IF EXISTS `branch_group`;
/*!40101 SET @saved_cs_client     = @@character_set_client */;
/*!40101 SET character_set_client = utf8 */;
CREATE TABLE `branch_group` (
  `id` int(11) NOT NULL AUTO_INCREMENT,
  `name` varchar(255) NOT NULL,
  `deleted` int(11) NOT NULL DEFAULT '0',
  PRIMARY KEY (`id`),
  UNIQUE KEY `name_UNIQUE` (`name`)
) ENGINE=InnoDB AUTO_INCREMENT=4 DEFAULT CHARSET=utf8;
/*!40101 SET character_set_client = @saved_cs_client */;

--
-- Dumping data for table `branch_group`
--

LOCK TABLES `branch_group` WRITE;
/*!40000 ALTER TABLE `branch_group` DISABLE KEYS */;
INSERT INTO `branch_group` VALUES (1,'ກຸ່ມເສດຖະກິດ',0),(2,'ກຸ່ມສັງຄົມວັດທະນະທຳ',0),(3,'ກຸ່ມອະທິປະໄຕ',0);
/*!40000 ALTER TABLE `branch_group` ENABLE KEYS */;
UNLOCK TABLES;

--
-- Table structure for table `controller`
--

DROP TABLE IF EXISTS `controller`;
/*!40101 SET @saved_cs_client     = @@character_set_client */;
/*!40101 SET character_set_client = utf8 */;
CREATE TABLE `controller` (
  `id` int(11) NOT NULL AUTO_INCREMENT,
  `code` varchar(255) NOT NULL,
  `deleted` int(11) NOT NULL DEFAULT '0',
  `description` text,
  PRIMARY KEY (`id`),
  UNIQUE KEY `code_UNIQUE` (`code`)
) ENGINE=InnoDB DEFAULT CHARSET=utf8;
/*!40101 SET character_set_client = @saved_cs_client */;

--
-- Dumping data for table `controller`
--

LOCK TABLES `controller` WRITE;
/*!40000 ALTER TABLE `controller` DISABLE KEYS */;
/*!40000 ALTER TABLE `controller` ENABLE KEYS */;
UNLOCK TABLES;

--
-- Table structure for table `district`
--

DROP TABLE IF EXISTS `district`;
/*!40101 SET @saved_cs_client     = @@character_set_client */;
/*!40101 SET character_set_client = utf8 */;
CREATE TABLE `district` (
  `id` int(11) NOT NULL AUTO_INCREMENT,
  `name` varchar(255) NOT NULL,
  `province_id` int(11) NOT NULL,
  PRIMARY KEY (`id`),
  KEY `fk_district_province1_idx` (`province_id`),
  CONSTRAINT `fk_district_province1` FOREIGN KEY (`province_id`) REFERENCES `province` (`id`) ON DELETE NO ACTION ON UPDATE NO ACTION
) ENGINE=InnoDB DEFAULT CHARSET=utf8;
/*!40101 SET character_set_client = @saved_cs_client */;

--
-- Dumping data for table `district`
--

LOCK TABLES `district` WRITE;
/*!40000 ALTER TABLE `district` DISABLE KEYS */;
/*!40000 ALTER TABLE `district` ENABLE KEYS */;
UNLOCK TABLES;

--
-- Table structure for table `foundation`
--

DROP TABLE IF EXISTS `foundation`;
/*!40101 SET @saved_cs_client     = @@character_set_client */;
/*!40101 SET character_set_client = utf8 */;
CREATE TABLE `foundation` (
  `id` int(11) NOT NULL,
  `name` varchar(255) NOT NULL,
  `approved_date` datetime NOT NULL,
  `province_id` int(11) DEFAULT NULL,
  `approved_by_moha` int(11) DEFAULT NULL,
  `remark` text,
  PRIMARY KEY (`id`),
  UNIQUE KEY `name_UNIQUE` (`name`),
  KEY `fk_foundation_province1_idx` (`province_id`),
  CONSTRAINT `fk_foundation_province1` FOREIGN KEY (`province_id`) REFERENCES `province` (`id`) ON DELETE NO ACTION ON UPDATE NO ACTION
) ENGINE=InnoDB DEFAULT CHARSET=utf8;
/*!40101 SET character_set_client = @saved_cs_client */;

--
-- Dumping data for table `foundation`
--

LOCK TABLES `foundation` WRITE;
/*!40000 ALTER TABLE `foundation` DISABLE KEYS */;
/*!40000 ALTER TABLE `foundation` ENABLE KEYS */;
UNLOCK TABLES;

--
-- Table structure for table `goverment_level`
--

DROP TABLE IF EXISTS `goverment_level`;
/*!40101 SET @saved_cs_client     = @@character_set_client */;
/*!40101 SET character_set_client = utf8 */;
CREATE TABLE `goverment_level` (
  `id` int(11) NOT NULL AUTO_INCREMENT,
  `name` varchar(255) NOT NULL,
  `deleted` int(11) NOT NULL DEFAULT '0',
  PRIMARY KEY (`id`),
  UNIQUE KEY `name_UNIQUE` (`name`)
) ENGINE=InnoDB AUTO_INCREMENT=2 DEFAULT CHARSET=utf8;
/*!40101 SET character_set_client = @saved_cs_client */;

--
-- Dumping data for table `goverment_level`
--

LOCK TABLES `goverment_level` WRITE;
/*!40000 ALTER TABLE `goverment_level` DISABLE KEYS */;
INSERT INTO `goverment_level` VALUES (1,'ກົມ',0);
/*!40000 ALTER TABLE `goverment_level` ENABLE KEYS */;
UNLOCK TABLES;

--
-- Table structure for table `goverment_unit`
--

DROP TABLE IF EXISTS `goverment_unit`;
/*!40101 SET @saved_cs_client     = @@character_set_client */;
/*!40101 SET character_set_client = utf8 */;
CREATE TABLE `goverment_unit` (
  `id` int(11) NOT NULL AUTO_INCREMENT,
  `name` varchar(255) NOT NULL,
  `deleted` int(11) NOT NULL DEFAULT '0',
  `branch_id` int(11) NOT NULL,
  PRIMARY KEY (`id`),
  UNIQUE KEY `name_UNIQUE` (`name`),
  KEY `fk_goverment_unit_branch1_idx` (`branch_id`),
  CONSTRAINT `fk_goverment_unit_branch1` FOREIGN KEY (`branch_id`) REFERENCES `branch` (`id`) ON DELETE NO ACTION ON UPDATE NO ACTION
) ENGINE=InnoDB DEFAULT CHARSET=utf8;
/*!40101 SET character_set_client = @saved_cs_client */;

--
-- Dumping data for table `goverment_unit`
--

LOCK TABLES `goverment_unit` WRITE;
/*!40000 ALTER TABLE `goverment_unit` DISABLE KEYS */;
/*!40000 ALTER TABLE `goverment_unit` ENABLE KEYS */;
UNLOCK TABLES;

--
-- Table structure for table `legal_status`
--

DROP TABLE IF EXISTS `legal_status`;
/*!40101 SET @saved_cs_client     = @@character_set_client */;
/*!40101 SET character_set_client = utf8 */;
CREATE TABLE `legal_status` (
  `id` int(11) NOT NULL AUTO_INCREMENT,
  `name` varchar(255) NOT NULL,
  `deleted` int(11) NOT NULL,
  PRIMARY KEY (`id`),
  UNIQUE KEY `name_UNIQUE` (`name`)
) ENGINE=InnoDB DEFAULT CHARSET=utf8;
/*!40101 SET character_set_client = @saved_cs_client */;

--
-- Dumping data for table `legal_status`
--

LOCK TABLES `legal_status` WRITE;
/*!40000 ALTER TABLE `legal_status` DISABLE KEYS */;
/*!40000 ALTER TABLE `legal_status` ENABLE KEYS */;
UNLOCK TABLES;

--
-- Table structure for table `menu`
--

DROP TABLE IF EXISTS `menu`;
/*!40101 SET @saved_cs_client     = @@character_set_client */;
/*!40101 SET character_set_client = utf8 */;
CREATE TABLE `menu` (
  `id` int(11) NOT NULL AUTO_INCREMENT,
  `name` varchar(45) NOT NULL,
  `url` varchar(255) NOT NULL,
  `deleted` int(11) NOT NULL DEFAULT '0',
  `menugroup_id` int(11) NOT NULL,
  PRIMARY KEY (`id`),
  KEY `fk_menu_menugroup1_idx` (`menugroup_id`),
  CONSTRAINT `fk_menu_menugroup1` FOREIGN KEY (`menugroup_id`) REFERENCES `menugroup` (`id`) ON DELETE NO ACTION ON UPDATE NO ACTION
) ENGINE=InnoDB AUTO_INCREMENT=2 DEFAULT CHARSET=utf8;
/*!40101 SET character_set_client = @saved_cs_client */;

--
-- Dumping data for table `menu`
--

LOCK TABLES `menu` WRITE;
/*!40000 ALTER TABLE `menu` DISABLE KEYS */;
INSERT INTO `menu` VALUES (1,'ເມນູ','menu',0,1);
/*!40000 ALTER TABLE `menu` ENABLE KEYS */;
UNLOCK TABLES;

--
-- Table structure for table `menugroup`
--

DROP TABLE IF EXISTS `menugroup`;
/*!40101 SET @saved_cs_client     = @@character_set_client */;
/*!40101 SET character_set_client = utf8 */;
CREATE TABLE `menugroup` (
  `id` int(11) NOT NULL AUTO_INCREMENT,
  `name` varchar(255) NOT NULL,
  `deleted` int(11) NOT NULL DEFAULT '0',
  PRIMARY KEY (`id`),
  UNIQUE KEY `name_UNIQUE` (`name`)
) ENGINE=InnoDB AUTO_INCREMENT=3 DEFAULT CHARSET=utf8;
/*!40101 SET character_set_client = @saved_cs_client */;

--
-- Dumping data for table `menugroup`
--

LOCK TABLES `menugroup` WRITE;
/*!40000 ALTER TABLE `menugroup` DISABLE KEYS */;
INSERT INTO `menugroup` VALUES (1,'ການຕັ້ງຄ່າ',0),(2,'ຜູ້ຄຸ້ມຄອງລະບົບ',0);
/*!40000 ALTER TABLE `menugroup` ENABLE KEYS */;
UNLOCK TABLES;

--
-- Table structure for table `message`
--

DROP TABLE IF EXISTS `message`;
/*!40101 SET @saved_cs_client     = @@character_set_client */;
/*!40101 SET character_set_client = utf8 */;
CREATE TABLE `message` (
  `id` int(11) NOT NULL,
  `language` varchar(16) COLLATE utf8_unicode_ci NOT NULL,
  `translation` text COLLATE utf8_unicode_ci,
  PRIMARY KEY (`id`,`language`),
  KEY `idx_message_language` (`language`),
  CONSTRAINT `fk_message_source_message` FOREIGN KEY (`id`) REFERENCES `source_message` (`id`) ON DELETE CASCADE
) ENGINE=InnoDB DEFAULT CHARSET=utf8 COLLATE=utf8_unicode_ci;
/*!40101 SET character_set_client = @saved_cs_client */;

--
-- Dumping data for table `message`
--

LOCK TABLES `message` WRITE;
/*!40000 ALTER TABLE `message` DISABLE KEYS */;
INSERT INTO `message` VALUES (2,'la-LA','ເພີ່ມ'),(8,'la-LA',NULL),(10,'la-LA',NULL),(11,'la-LA',NULL),(12,'la-LA',NULL),(13,'la-LA',NULL),(14,'la-LA',NULL),(15,'la-LA',''),(16,'la-LA',''),(17,'la-LA',''),(18,'la-LA',''),(19,'la-LA',''),(20,'la-LA','');
/*!40000 ALTER TABLE `message` ENABLE KEYS */;
UNLOCK TABLES;

--
-- Table structure for table `migration`
--

DROP TABLE IF EXISTS `migration`;
/*!40101 SET @saved_cs_client     = @@character_set_client */;
/*!40101 SET character_set_client = utf8 */;
CREATE TABLE `migration` (
  `version` varchar(180) NOT NULL,
  `apply_time` int(11) DEFAULT NULL,
  PRIMARY KEY (`version`)
) ENGINE=InnoDB DEFAULT CHARSET=utf8;
/*!40101 SET character_set_client = @saved_cs_client */;

--
-- Dumping data for table `migration`
--

LOCK TABLES `migration` WRITE;
/*!40000 ALTER TABLE `migration` DISABLE KEYS */;
INSERT INTO `migration` VALUES ('m000000_000000_base',1503900150),('m150207_210500_i18n_init',1503900154);
/*!40000 ALTER TABLE `migration` ENABLE KEYS */;
UNLOCK TABLES;

--
-- Table structure for table `phiscal_year`
--

DROP TABLE IF EXISTS `phiscal_year`;
/*!40101 SET @saved_cs_client     = @@character_set_client */;
/*!40101 SET character_set_client = utf8 */;
CREATE TABLE `phiscal_year` (
  `id` int(11) NOT NULL AUTO_INCREMENT,
  `year` varchar(255) NOT NULL,
  `start_date` datetime NOT NULL,
  `end_date` datetime NOT NULL,
  `deleted` int(11) NOT NULL DEFAULT '0',
  `status` varchar(1) DEFAULT NULL COMMENT 'o:openning\nc:closed',
  PRIMARY KEY (`id`),
  UNIQUE KEY `year_UNIQUE` (`year`)
) ENGINE=InnoDB DEFAULT CHARSET=utf8;
/*!40101 SET character_set_client = @saved_cs_client */;

--
-- Dumping data for table `phiscal_year`
--

LOCK TABLES `phiscal_year` WRITE;
/*!40000 ALTER TABLE `phiscal_year` DISABLE KEYS */;
/*!40000 ALTER TABLE `phiscal_year` ENABLE KEYS */;
UNLOCK TABLES;

--
-- Table structure for table `province`
--

DROP TABLE IF EXISTS `province`;
/*!40101 SET @saved_cs_client     = @@character_set_client */;
/*!40101 SET character_set_client = utf8 */;
CREATE TABLE `province` (
  `id` int(11) NOT NULL,
  `name` varchar(255) NOT NULL,
  `deleted` int(11) NOT NULL DEFAULT '0',
  PRIMARY KEY (`id`),
  UNIQUE KEY `name_UNIQUE` (`name`)
) ENGINE=InnoDB DEFAULT CHARSET=utf8;
/*!40101 SET character_set_client = @saved_cs_client */;

--
-- Dumping data for table `province`
--

LOCK TABLES `province` WRITE;
/*!40000 ALTER TABLE `province` DISABLE KEYS */;
/*!40000 ALTER TABLE `province` ENABLE KEYS */;
UNLOCK TABLES;

--
-- Table structure for table `role`
--

DROP TABLE IF EXISTS `role`;
/*!40101 SET @saved_cs_client     = @@character_set_client */;
/*!40101 SET character_set_client = utf8 */;
CREATE TABLE `role` (
  `id` int(11) NOT NULL AUTO_INCREMENT,
  `name` varchar(45) NOT NULL,
  `deleted` int(11) NOT NULL DEFAULT '0',
  PRIMARY KEY (`id`),
  UNIQUE KEY `name_UNIQUE` (`name`)
) ENGINE=InnoDB AUTO_INCREMENT=3 DEFAULT CHARSET=utf8;
/*!40101 SET character_set_client = @saved_cs_client */;

--
-- Dumping data for table `role`
--

LOCK TABLES `role` WRITE;
/*!40000 ALTER TABLE `role` DISABLE KEYS */;
INSERT INTO `role` VALUES (1,'Administrator',0),(2,'Admin',0);
/*!40000 ALTER TABLE `role` ENABLE KEYS */;
UNLOCK TABLES;

--
-- Table structure for table `role_has_action`
--

DROP TABLE IF EXISTS `role_has_action`;
/*!40101 SET @saved_cs_client     = @@character_set_client */;
/*!40101 SET character_set_client = utf8 */;
CREATE TABLE `role_has_action` (
  `role_id` int(11) NOT NULL,
  `action_id` int(11) NOT NULL,
  `allowed` varchar(1) NOT NULL DEFAULT '0',
  PRIMARY KEY (`role_id`,`action_id`),
  KEY `fk_role_has_action_action1_idx` (`action_id`),
  KEY `fk_role_has_action_role1_idx` (`role_id`),
  CONSTRAINT `fk_role_has_action_action1` FOREIGN KEY (`action_id`) REFERENCES `action` (`id`) ON DELETE NO ACTION ON UPDATE NO ACTION,
  CONSTRAINT `fk_role_has_action_role1` FOREIGN KEY (`role_id`) REFERENCES `role` (`id`) ON DELETE NO ACTION ON UPDATE NO ACTION
) ENGINE=InnoDB DEFAULT CHARSET=utf8;
/*!40101 SET character_set_client = @saved_cs_client */;

--
-- Dumping data for table `role_has_action`
--

LOCK TABLES `role_has_action` WRITE;
/*!40000 ALTER TABLE `role_has_action` DISABLE KEYS */;
/*!40000 ALTER TABLE `role_has_action` ENABLE KEYS */;
UNLOCK TABLES;

--
-- Table structure for table `role_has_menu`
--

DROP TABLE IF EXISTS `role_has_menu`;
/*!40101 SET @saved_cs_client     = @@character_set_client */;
/*!40101 SET character_set_client = utf8 */;
CREATE TABLE `role_has_menu` (
  `role_id` int(11) NOT NULL,
  `menu_id` int(11) NOT NULL,
  `accessible` varchar(1) NOT NULL DEFAULT '0',
  PRIMARY KEY (`role_id`,`menu_id`),
  KEY `fk_role_has_menu_menu1_idx` (`menu_id`),
  KEY `fk_role_has_menu_role1_idx` (`role_id`),
  CONSTRAINT `fk_role_has_menu_menu1` FOREIGN KEY (`menu_id`) REFERENCES `menu` (`id`) ON DELETE NO ACTION ON UPDATE NO ACTION,
  CONSTRAINT `fk_role_has_menu_role1` FOREIGN KEY (`role_id`) REFERENCES `role` (`id`) ON DELETE NO ACTION ON UPDATE NO ACTION
) ENGINE=InnoDB DEFAULT CHARSET=utf8;
/*!40101 SET character_set_client = @saved_cs_client */;

--
-- Dumping data for table `role_has_menu`
--

LOCK TABLES `role_has_menu` WRITE;
/*!40000 ALTER TABLE `role_has_menu` DISABLE KEYS */;
/*!40000 ALTER TABLE `role_has_menu` ENABLE KEYS */;
UNLOCK TABLES;

--
-- Table structure for table `source_message`
--

DROP TABLE IF EXISTS `source_message`;
/*!40101 SET @saved_cs_client     = @@character_set_client */;
/*!40101 SET character_set_client = utf8 */;
CREATE TABLE `source_message` (
  `id` int(11) NOT NULL AUTO_INCREMENT,
  `category` varchar(255) COLLATE utf8_unicode_ci DEFAULT NULL,
  `message` text COLLATE utf8_unicode_ci,
  PRIMARY KEY (`id`),
  KEY `idx_source_message_category` (`category`)
) ENGINE=InnoDB AUTO_INCREMENT=21 DEFAULT CHARSET=utf8 COLLATE=utf8_unicode_ci;
/*!40101 SET character_set_client = @saved_cs_client */;

--
-- Dumping data for table `source_message`
--

LOCK TABLES `source_message` WRITE;
/*!40000 ALTER TABLE `source_message` DISABLE KEYS */;
INSERT INTO `source_message` VALUES (1,'app','Branch Groups'),(2,'app','Create Branch Group'),(3,'app','ID'),(4,'app','Name'),(5,'app','Deleted'),(6,'app','Language'),(7,'app','Translation'),(8,'app','Messages'),(9,'app','Create Message'),(10,'app','Create'),(11,'app','Update {modelClass}: '),(12,'app','Update'),(13,'app','Message'),(14,'app','Action'),(15,'app','Incorrect Requested Params'),(16,'app','Cancel'),(17,'app','Add'),(18,'app','Success'),(19,'app','Error'),(20,'app','Operation Successful');
/*!40000 ALTER TABLE `source_message` ENABLE KEYS */;
UNLOCK TABLES;

--
-- Table structure for table `stat_association_foundation`
--

DROP TABLE IF EXISTS `stat_association_foundation`;
/*!40101 SET @saved_cs_client     = @@character_set_client */;
/*!40101 SET character_set_client = utf8 */;
CREATE TABLE `stat_association_foundation` (
  `id` int(11) NOT NULL AUTO_INCREMENT,
  `last_update` datetime NOT NULL,
  `user_id` int(11) NOT NULL,
  `phiscal_year_id` int(11) NOT NULL,
  PRIMARY KEY (`id`),
  KEY `fk_stat_association_foundation_user1_idx` (`user_id`),
  KEY `fk_stat_association_foundation_phiscal_year1_idx` (`phiscal_year_id`),
  CONSTRAINT `fk_stat_association_foundation_phiscal_year1` FOREIGN KEY (`phiscal_year_id`) REFERENCES `phiscal_year` (`id`) ON DELETE NO ACTION ON UPDATE NO ACTION,
  CONSTRAINT `fk_stat_association_foundation_user1` FOREIGN KEY (`user_id`) REFERENCES `user` (`id`) ON DELETE NO ACTION ON UPDATE NO ACTION
) ENGINE=InnoDB DEFAULT CHARSET=utf8;
/*!40101 SET character_set_client = @saved_cs_client */;

--
-- Dumping data for table `stat_association_foundation`
--

LOCK TABLES `stat_association_foundation` WRITE;
/*!40000 ALTER TABLE `stat_association_foundation` DISABLE KEYS */;
/*!40000 ALTER TABLE `stat_association_foundation` ENABLE KEYS */;
UNLOCK TABLES;

--
-- Table structure for table `stat_association_foundation_detail`
--

DROP TABLE IF EXISTS `stat_association_foundation_detail`;
/*!40101 SET @saved_cs_client     = @@character_set_client */;
/*!40101 SET character_set_client = utf8 */;
CREATE TABLE `stat_association_foundation_detail` (
  `id` int(11) NOT NULL AUTO_INCREMENT,
  `association` int(11) DEFAULT NULL,
  `foundation` int(11) DEFAULT NULL,
  `remark` text,
  `stat_association_foundation_id` int(11) NOT NULL,
  PRIMARY KEY (`id`),
  KEY `fk_stat_association_foundation_detail_stat_association_foun_idx` (`stat_association_foundation_id`),
  CONSTRAINT `fk_stat_association_foundation_detail_stat_association_founda1` FOREIGN KEY (`stat_association_foundation_id`) REFERENCES `stat_association_foundation` (`id`) ON DELETE NO ACTION ON UPDATE NO ACTION
) ENGINE=InnoDB DEFAULT CHARSET=utf8;
/*!40101 SET character_set_client = @saved_cs_client */;

--
-- Dumping data for table `stat_association_foundation_detail`
--

LOCK TABLES `stat_association_foundation_detail` WRITE;
/*!40000 ALTER TABLE `stat_association_foundation_detail` DISABLE KEYS */;
/*!40000 ALTER TABLE `stat_association_foundation_detail` ENABLE KEYS */;
UNLOCK TABLES;

--
-- Table structure for table `stat_goverment_unit`
--

DROP TABLE IF EXISTS `stat_goverment_unit`;
/*!40101 SET @saved_cs_client     = @@character_set_client */;
/*!40101 SET character_set_client = utf8 */;
CREATE TABLE `stat_goverment_unit` (
  `id` int(11) NOT NULL AUTO_INCREMENT,
  `user_id` int(11) NOT NULL,
  `last_update` datetime NOT NULL,
  `status` varchar(45) NOT NULL,
  `phiscal_year_id` int(11) NOT NULL,
  PRIMARY KEY (`id`),
  KEY `fk_statistic1_user1_idx` (`user_id`),
  KEY `fk_stat_goverment_unit_phiscal_year1_idx` (`phiscal_year_id`),
  CONSTRAINT `fk_stat_goverment_unit_phiscal_year1` FOREIGN KEY (`phiscal_year_id`) REFERENCES `phiscal_year` (`id`) ON DELETE NO ACTION ON UPDATE NO ACTION,
  CONSTRAINT `fk_statistic1_user1` FOREIGN KEY (`user_id`) REFERENCES `user` (`id`) ON DELETE NO ACTION ON UPDATE NO ACTION
) ENGINE=InnoDB DEFAULT CHARSET=utf8;
/*!40101 SET character_set_client = @saved_cs_client */;

--
-- Dumping data for table `stat_goverment_unit`
--

LOCK TABLES `stat_goverment_unit` WRITE;
/*!40000 ALTER TABLE `stat_goverment_unit` DISABLE KEYS */;
/*!40000 ALTER TABLE `stat_goverment_unit` ENABLE KEYS */;
UNLOCK TABLES;

--
-- Table structure for table `stat_goverment_unit_detail`
--

DROP TABLE IF EXISTS `stat_goverment_unit_detail`;
/*!40101 SET @saved_cs_client     = @@character_set_client */;
/*!40101 SET character_set_client = utf8 */;
CREATE TABLE `stat_goverment_unit_detail` (
  `id` int(11) NOT NULL AUTO_INCREMENT,
  `branch_id` int(11) NOT NULL,
  `remark` text,
  `goverment_level_id` int(11) NOT NULL,
  `value` int(11) DEFAULT NULL,
  `stat_goverment_unit_id` int(11) NOT NULL,
  PRIMARY KEY (`id`),
  KEY `fk_stat_goverment_unit_detail_branch1_idx` (`branch_id`),
  KEY `fk_stat_goverment_unit_detail_goverment_level1_idx` (`goverment_level_id`),
  KEY `fk_stat_goverment_unit_detail_stat_goverment_unit1_idx` (`stat_goverment_unit_id`),
  CONSTRAINT `fk_stat_goverment_unit_detail_branch1` FOREIGN KEY (`branch_id`) REFERENCES `branch` (`id`) ON DELETE NO ACTION ON UPDATE NO ACTION,
  CONSTRAINT `fk_stat_goverment_unit_detail_goverment_level1` FOREIGN KEY (`goverment_level_id`) REFERENCES `goverment_level` (`id`) ON DELETE NO ACTION ON UPDATE NO ACTION,
  CONSTRAINT `fk_stat_goverment_unit_detail_stat_goverment_unit1` FOREIGN KEY (`stat_goverment_unit_id`) REFERENCES `stat_goverment_unit` (`id`) ON DELETE NO ACTION ON UPDATE NO ACTION
) ENGINE=InnoDB DEFAULT CHARSET=utf8;
/*!40101 SET character_set_client = @saved_cs_client */;

--
-- Dumping data for table `stat_goverment_unit_detail`
--

LOCK TABLES `stat_goverment_unit_detail` WRITE;
/*!40000 ALTER TABLE `stat_goverment_unit_detail` DISABLE KEYS */;
/*!40000 ALTER TABLE `stat_goverment_unit_detail` ENABLE KEYS */;
UNLOCK TABLES;

--
-- Table structure for table `stat_legal`
--

DROP TABLE IF EXISTS `stat_legal`;
/*!40101 SET @saved_cs_client     = @@character_set_client */;
/*!40101 SET character_set_client = utf8 */;
CREATE TABLE `stat_legal` (
  `id` int(11) NOT NULL AUTO_INCREMENT,
  `last_update` datetime NOT NULL,
  `user_id` int(11) NOT NULL,
  `phiscal_year_id` int(11) NOT NULL,
  PRIMARY KEY (`id`),
  KEY `fk_stat_legal_user1_idx` (`user_id`),
  KEY `fk_stat_legal_phiscal_year1_idx` (`phiscal_year_id`),
  CONSTRAINT `fk_stat_legal_phiscal_year1` FOREIGN KEY (`phiscal_year_id`) REFERENCES `phiscal_year` (`id`) ON DELETE NO ACTION ON UPDATE NO ACTION,
  CONSTRAINT `fk_stat_legal_user1` FOREIGN KEY (`user_id`) REFERENCES `user` (`id`) ON DELETE NO ACTION ON UPDATE NO ACTION
) ENGINE=InnoDB DEFAULT CHARSET=utf8;
/*!40101 SET character_set_client = @saved_cs_client */;

--
-- Dumping data for table `stat_legal`
--

LOCK TABLES `stat_legal` WRITE;
/*!40000 ALTER TABLE `stat_legal` DISABLE KEYS */;
/*!40000 ALTER TABLE `stat_legal` ENABLE KEYS */;
UNLOCK TABLES;

--
-- Table structure for table `stat_legal_detail`
--

DROP TABLE IF EXISTS `stat_legal_detail`;
/*!40101 SET @saved_cs_client     = @@character_set_client */;
/*!40101 SET character_set_client = utf8 */;
CREATE TABLE `stat_legal_detail` (
  `id` int(11) NOT NULL AUTO_INCREMENT,
  `stat_legal_id` int(11) NOT NULL,
  `legal_status_id` int(11) NOT NULL,
  `value` int(11) DEFAULT NULL,
  `remark` text,
  PRIMARY KEY (`id`),
  KEY `fk_stat_legal_detail_stat_legal1_idx` (`stat_legal_id`),
  KEY `fk_stat_legal_detail_legal_status1_idx` (`legal_status_id`),
  CONSTRAINT `fk_stat_legal_detail_legal_status1` FOREIGN KEY (`legal_status_id`) REFERENCES `legal_status` (`id`) ON DELETE NO ACTION ON UPDATE NO ACTION,
  CONSTRAINT `fk_stat_legal_detail_stat_legal1` FOREIGN KEY (`stat_legal_id`) REFERENCES `stat_legal` (`id`) ON DELETE NO ACTION ON UPDATE NO ACTION
) ENGINE=InnoDB DEFAULT CHARSET=utf8;
/*!40101 SET character_set_client = @saved_cs_client */;

--
-- Dumping data for table `stat_legal_detail`
--

LOCK TABLES `stat_legal_detail` WRITE;
/*!40000 ALTER TABLE `stat_legal_detail` DISABLE KEYS */;
/*!40000 ALTER TABLE `stat_legal_detail` ENABLE KEYS */;
UNLOCK TABLES;

--
-- Table structure for table `stat_single_gateway_implementation`
--

DROP TABLE IF EXISTS `stat_single_gateway_implementation`;
/*!40101 SET @saved_cs_client     = @@character_set_client */;
/*!40101 SET character_set_client = utf8 */;
CREATE TABLE `stat_single_gateway_implementation` (
  `id` int(11) NOT NULL AUTO_INCREMENT,
  `user_id` int(11) NOT NULL,
  `phiscal_year_id` int(11) NOT NULL,
  `last_update` datetime NOT NULL,
  PRIMARY KEY (`id`),
  KEY `fk_stat_single_gateway_implementation_user1_idx` (`user_id`),
  KEY `fk_stat_single_gateway_implementation_phiscal_year1_idx` (`phiscal_year_id`),
  CONSTRAINT `fk_stat_single_gateway_implementation_phiscal_year1` FOREIGN KEY (`phiscal_year_id`) REFERENCES `phiscal_year` (`id`) ON DELETE NO ACTION ON UPDATE NO ACTION,
  CONSTRAINT `fk_stat_single_gateway_implementation_user1` FOREIGN KEY (`user_id`) REFERENCES `user` (`id`) ON DELETE NO ACTION ON UPDATE NO ACTION
) ENGINE=InnoDB DEFAULT CHARSET=utf8;
/*!40101 SET character_set_client = @saved_cs_client */;

--
-- Dumping data for table `stat_single_gateway_implementation`
--

LOCK TABLES `stat_single_gateway_implementation` WRITE;
/*!40000 ALTER TABLE `stat_single_gateway_implementation` DISABLE KEYS */;
/*!40000 ALTER TABLE `stat_single_gateway_implementation` ENABLE KEYS */;
UNLOCK TABLES;

--
-- Table structure for table `stat_single_gateway_implementation_detail`
--

DROP TABLE IF EXISTS `stat_single_gateway_implementation_detail`;
/*!40101 SET @saved_cs_client     = @@character_set_client */;
/*!40101 SET character_set_client = utf8 */;
CREATE TABLE `stat_single_gateway_implementation_detail` (
  `id` int(11) NOT NULL AUTO_INCREMENT,
  `stat_single_gateway_implementation_id` int(11) NOT NULL,
  `branch_id` int(11) NOT NULL,
  `start_date` datetime DEFAULT NULL,
  `name` varchar(255) DEFAULT NULL,
  `remark` text,
  PRIMARY KEY (`id`),
  KEY `fk_stat_single_gateway_implementation_detail_stat_single_ga_idx` (`stat_single_gateway_implementation_id`),
  KEY `fk_stat_single_gateway_implementation_detail_branch1_idx` (`branch_id`),
  CONSTRAINT `fk_stat_single_gateway_implementation_detail_branch1` FOREIGN KEY (`branch_id`) REFERENCES `branch` (`id`) ON DELETE NO ACTION ON UPDATE NO ACTION,
  CONSTRAINT `fk_stat_single_gateway_implementation_detail_stat_single_gate1` FOREIGN KEY (`stat_single_gateway_implementation_id`) REFERENCES `stat_single_gateway_implementation` (`id`) ON DELETE NO ACTION ON UPDATE NO ACTION
) ENGINE=InnoDB DEFAULT CHARSET=utf8;
/*!40101 SET character_set_client = @saved_cs_client */;

--
-- Dumping data for table `stat_single_gateway_implementation_detail`
--

LOCK TABLES `stat_single_gateway_implementation_detail` WRITE;
/*!40000 ALTER TABLE `stat_single_gateway_implementation_detail` DISABLE KEYS */;
/*!40000 ALTER TABLE `stat_single_gateway_implementation_detail` ENABLE KEYS */;
UNLOCK TABLES;

--
-- Table structure for table `use_subcordinate`
--

DROP TABLE IF EXISTS `use_subcordinate`;
/*!40101 SET @saved_cs_client     = @@character_set_client */;
/*!40101 SET character_set_client = utf8 */;
CREATE TABLE `use_subcordinate` (
  `user_id` int(11) NOT NULL,
  `subcordinate_user_id` int(11) NOT NULL,
  PRIMARY KEY (`user_id`,`subcordinate_user_id`),
  KEY `fk_user_has_user_user2_idx` (`subcordinate_user_id`),
  KEY `fk_user_has_user_user1_idx` (`user_id`),
  CONSTRAINT `fk_user_has_user_user1` FOREIGN KEY (`user_id`) REFERENCES `user` (`id`) ON DELETE NO ACTION ON UPDATE NO ACTION,
  CONSTRAINT `fk_user_has_user_user2` FOREIGN KEY (`subcordinate_user_id`) REFERENCES `user` (`id`) ON DELETE NO ACTION ON UPDATE NO ACTION
) ENGINE=InnoDB DEFAULT CHARSET=utf8;
/*!40101 SET character_set_client = @saved_cs_client */;

--
-- Dumping data for table `use_subcordinate`
--

LOCK TABLES `use_subcordinate` WRITE;
/*!40000 ALTER TABLE `use_subcordinate` DISABLE KEYS */;
/*!40000 ALTER TABLE `use_subcordinate` ENABLE KEYS */;
UNLOCK TABLES;

--
-- Table structure for table `user`
--

DROP TABLE IF EXISTS `user`;
/*!40101 SET @saved_cs_client     = @@character_set_client */;
/*!40101 SET character_set_client = utf8 */;
CREATE TABLE `user` (
  `id` int(11) NOT NULL AUTO_INCREMENT,
  `username` varchar(50) NOT NULL,
  `password` varchar(100) NOT NULL,
  `firstname` varchar(255) NOT NULL,
  `lastname` varchar(255) NOT NULL,
  `status` varchar(1) NOT NULL,
  `tel` varchar(50) NOT NULL,
  `email` varchar(100) DEFAULT NULL,
  `deleted` int(11) NOT NULL DEFAULT '0',
  PRIMARY KEY (`id`),
  UNIQUE KEY `username_UNIQUE` (`username`)
) ENGINE=InnoDB AUTO_INCREMENT=3 DEFAULT CHARSET=utf8;
/*!40101 SET character_set_client = @saved_cs_client */;

--
-- Dumping data for table `user`
--

LOCK TABLES `user` WRITE;
/*!40000 ALTER TABLE `user` DISABLE KEYS */;
INSERT INTO `user` VALUES (2,'admin','admin','Administrator','','A','',NULL,0);
/*!40000 ALTER TABLE `user` ENABLE KEYS */;
UNLOCK TABLES;

--
-- Table structure for table `user_has_branch`
--

DROP TABLE IF EXISTS `user_has_branch`;
/*!40101 SET @saved_cs_client     = @@character_set_client */;
/*!40101 SET character_set_client = utf8 */;
CREATE TABLE `user_has_branch` (
  `user_id` int(11) NOT NULL,
  `branch_id` int(11) NOT NULL,
  PRIMARY KEY (`user_id`,`branch_id`),
  KEY `fk_user_has_branch_branch1_idx` (`branch_id`),
  KEY `fk_user_has_branch_user1_idx` (`user_id`),
  CONSTRAINT `fk_user_has_branch_branch1` FOREIGN KEY (`branch_id`) REFERENCES `branch` (`id`) ON DELETE NO ACTION ON UPDATE NO ACTION,
  CONSTRAINT `fk_user_has_branch_user1` FOREIGN KEY (`user_id`) REFERENCES `user` (`id`) ON DELETE NO ACTION ON UPDATE NO ACTION
) ENGINE=InnoDB DEFAULT CHARSET=utf8;
/*!40101 SET character_set_client = @saved_cs_client */;

--
-- Dumping data for table `user_has_branch`
--

LOCK TABLES `user_has_branch` WRITE;
/*!40000 ALTER TABLE `user_has_branch` DISABLE KEYS */;
/*!40000 ALTER TABLE `user_has_branch` ENABLE KEYS */;
UNLOCK TABLES;

--
-- Table structure for table `user_has_role`
--

DROP TABLE IF EXISTS `user_has_role`;
/*!40101 SET @saved_cs_client     = @@character_set_client */;
/*!40101 SET character_set_client = utf8 */;
CREATE TABLE `user_has_role` (
  `user_id` int(11) NOT NULL,
  `role_id` int(11) NOT NULL,
  `set_date` datetime NOT NULL,
  PRIMARY KEY (`user_id`,`role_id`),
  KEY `fk_user_has_role_role1_idx` (`role_id`),
  KEY `fk_user_has_role_user1_idx` (`user_id`),
  CONSTRAINT `fk_user_has_role_role1` FOREIGN KEY (`role_id`) REFERENCES `role` (`id`) ON DELETE NO ACTION ON UPDATE NO ACTION,
  CONSTRAINT `fk_user_has_role_user1` FOREIGN KEY (`user_id`) REFERENCES `user` (`id`) ON DELETE NO ACTION ON UPDATE NO ACTION
) ENGINE=InnoDB DEFAULT CHARSET=utf8;
/*!40101 SET character_set_client = @saved_cs_client */;

--
-- Dumping data for table `user_has_role`
--

LOCK TABLES `user_has_role` WRITE;
/*!40000 ALTER TABLE `user_has_role` DISABLE KEYS */;
/*!40000 ALTER TABLE `user_has_role` ENABLE KEYS */;
UNLOCK TABLES;

--
-- Dumping routines for database 'moha'
--
/*!40103 SET TIME_ZONE=@OLD_TIME_ZONE */;

/*!40101 SET SQL_MODE=@OLD_SQL_MODE */;
/*!40014 SET FOREIGN_KEY_CHECKS=@OLD_FOREIGN_KEY_CHECKS */;
/*!40014 SET UNIQUE_CHECKS=@OLD_UNIQUE_CHECKS */;
/*!40101 SET CHARACTER_SET_CLIENT=@OLD_CHARACTER_SET_CLIENT */;
/*!40101 SET CHARACTER_SET_RESULTS=@OLD_CHARACTER_SET_RESULTS */;
/*!40101 SET COLLATION_CONNECTION=@OLD_COLLATION_CONNECTION */;
/*!40111 SET SQL_NOTES=@OLD_SQL_NOTES */;

-- Dump completed on 2017-08-28 18:54:58
